questions,answers,classes
劳动法——国企单位外派临时工期限本人在国企单位工作三年但是一直签署三方合同，并且在起初签署劳动合同同时要求签署不记时间的离职合同。劳动合同全部收回，为给劳动者是否违法,你好，法律服务组3来为您解答问题你在签署劳动合同时候，单位要求你签署不计时间的离职协议，是为了在和你结束劳动关系时候，视为是你自动辞职，而非公司解除和你劳动合同关系。因为根据劳动法相关规定，公司解雇你，是要支付你劳动赔偿金的，而你自己辞职是不需要支付这笔费用的。根据《劳动合同法》第三十六条、第三十七条的有关规定，用人单位与劳动者协商一致，可以解除劳动合同，但劳动者需提前三十日以书面形式通知用人单位，在试用期内的，需提前三日通知用人单位。因此，对于自请辞职者，应注意审查其是否在法律规定的时间内提出，同时，要求其填写《离职申请单》，经用人单位同意后可办理离职手续。这里，应特别注意的是，员工在职期间造成用人单位损失需要赔偿的，应在员工离职时一并结清赔付事项。所以，若离职协议不是你自愿签署，你可以搜集证据证明你非资源签署，并申请劳动仲裁。,劳动保险
退休，养老保险——您好！我父亲是基层供销社员工，现在到了退休年龄，而养老保险只交了9年的，现在想退休，供销社说只能自己补了保险才能退，我想问一下，这个保险单位那部分供销社不承担吗？电话18536689139，邮箱405463004@qq.com,你好，法律服务组3来为您解答问题：你这种情况在《中华人民共和国社会保险法》中是有规定的，原文如下：第十六条参加基本养老保险的个人，达到法定退休年龄时累计缴费满十五年的，按月领取基本养老金。参加基本养老保险的个人，达到法定退休年龄时累计缴费不足十五年的，可以缴费至满十五年，按月领取基本养老金；也可以转入新型农村社会养老保险或者城镇居民社会养老保险，按照国务院规定享受相应的养老保险待遇。所以很显然，你可以选择补足十五年的养老保险费。另外，补交养老金为单位补缴，也可以是个人补缴。,劳动保险
劳动法相关——我于2017年2月1日开始上班，并在2月份与单位签订了一年的劳动合同，合同里面明文规定实习期三个月，从2017年2月1日到2017年5月1日，但是我现在想辞职，请问如果我现在辞职需不需要负什么法律责任？（在上班期间未参加任何培训）,你好，法律服务组3来为您解答问题：1、试用期间辞职提前三天申请就可以了吗，不需要一个月。2、具体请参考《中华人民共和国劳动合同法》第三十七条：劳动者提前三十日以书面形式通知用人单位，可以解除劳动合同。劳动者在试用期内提前三日通知用人单位，可以解除劳动合同。,劳动保险
劳动合同内的纠纷——公司雇我雇为之工作，另外在找不到合适配送下安排我拉菜，配了一辆三轮车，在拉菜了一年后，我要上班前后.接送小孩自己买了一辆车，现我以自己的车拉菜申请磨损市场价三分之一.最低补贴，公司以已有三轮车和劳动合同中不得拒绝领导安排的安排为由，拒绝我的补贴申请。在不想失去工作的前堤下我该怎么办。,你好，法律服务组3来为您解答问题：你用自己的车拉公司的菜完全是你个人选择，而不是公司的指派，所以对于你汽车的损耗公司可以有理由不予以支付。并且公司已经为你拉菜配备了车，所以我认为无论你是否解除劳动合同，你都无权要求公司对你的汽车损害进行补偿。,劳动保险
劳动合同，重复签了，那个为准——发现单位和我签的劳动合同出现了这样的问题，10年1月1号，签到了12年12月31号，同年又签了第二份，10年12月1日签到了13年12月31号，这2份都有我的签字，公司章，劳动局备案章，怎么感觉少签了一年？问题1：要是后签的有效，那是不是10年1月1号到10年12月就没签，那么我就是无固定期合同了？问题2：13年以后签的固定期限合同是不是就无效了？,您好，法律服务组7为您解答。按照您的描述，建议您可以咨询当地的劳动行政管理部门，一般情况下，合同的签订前后时间有重复的，应当以最后一份签订的内容为准。您的情况，具体来说应当是需要重新签订一份合同来撤销掉另外两份合同的效力，但是按照您的描述，已经是几年前的事情了，建议您还是讲具体问题咨询当地的劳动行政管理部门，以得到更满意的答复。,劳动保险
拖欠工资申请社保——申请用5月6月9月未发的工资低缴社保，未申请的拖欠的8月的工资能否低缴社保,老板的行为已经构成违约，您可以委托我们律师帮您起诉这个老板，要求法院判令他支付拖欠的款项。由于你的情况没有介绍清楚，具体怎么做我也没办法告诉你，请你致电028-67689239，赵律师。,劳动保险
雇佣的工人被他人叫去干活时，意外身亡——律师你好，我是从事建筑装修，例如搭棚，盖瓦。我雇佣了一支施工队伍。施工队伍已经完成施工，准备撤场。但是工厂的厂长叫了其中一名工人去修补瓦顶，工人失足摔了下来，这并不是我们的工作范围。工人当场死亡。当时我也没有在工地上，也不知道这件事情，无法阻止。工厂与死者家属私下协商，赔了50万，现在工厂还要我陪20W，并且有10W的工程款也无法收回。由于是小本生意，当时并没有跟厂方签订劳动合同。在这件事情里面，我需要承担责任吗？我该怎么维护自己的权利？,您好！一般不是因为工作原因造成的，不属于工伤。,劳动保险
华新公司以内部承包方式给员工——2014年我进入华新公司工作，华新公司给我们发放工作证。现人民法院不支持我与华新公司之间有劳动关系。华新公司是以内部承包的方式给内部员工的。请问人民法院的判决对不对？,女职工在孕期不能适应原劳动的，用人单位应当根据医疗机构的证明，予以减轻劳动量或者安排其他能够适应的劳动。对怀孕7个月以上的女职工，用人单位不得延长劳动时间或者安排夜班劳动，并应当在劳动时间内安排一定的休息时间。怀孕女职工在劳动时间内进行产前检查，所需时间计入劳动时间。,劳动保险
拖欠学生工资如何维权——你好，我们是大学生寒假工经生代理介绍给中介公司然后签署合同去工厂里做工一个月，但是回到学校后中介并未按当时承诺的工资发放，并且工资亏缺十分严重，多次电话联系中介总是一拖再拖或推脱责任，当时签署的劳务派遣合同也并未给我们，我们现在应该怎么办？万分感谢！,您好，法律服务组7为您解答。按照您的描述，如果用人单位与职工没有签订书面劳动合同的，并不影响劳动关系的成立，也就是说双方存在事实的劳动关系，职工因工作原因受伤的，仍属于工伤，可以要求工伤待遇。在处理工伤时，应该在规定时间内向劳动保障部门申请工伤认定，认定工伤并治疗终结后再申请伤残鉴定，之后再根据鉴定的伤残等级等情况确定具体的工伤赔偿金额。对于赔偿金额，如果与用人单位协商不成的，可以申请劳动仲裁。同时，如果用人单位没有为职工缴纳工伤保险的，则应由用人单位承担或赔偿全部的工伤待遇。相关法条：《工伤保险条例》第三十条职工因工作遭受事故伤害或者患职业病进行治疗，享受工伤医疗待遇。职工治疗工伤应当在签订服务协议的医疗机构就医，情况紧急时可以先到就近的医疗机构急救。治疗工伤所需费用符合工伤保险诊疗项目目录、工伤保险药品目录、工伤保险住院服务标准的，从工伤保险基金支付。工伤保险诊疗项目目录、工伤保险药品目录、工伤保险住院服务标准，由国务院社会保险行政部门会同国务院卫生行政部门、食品药品监督管理部门等部门规定。职工住院治疗工伤的伙食补助费，以及经医疗机构出具证明，报经办机构同意，工伤职工到统筹地区以外就医所需的交通、食宿费用从工伤保险基金支付，基金支付的具体标准由统筹地区人民政府规定。工伤职工治疗非工伤引发的疾病，不享受工伤医疗待遇，按照基本医疗保险办法处理。工伤职工到签订服务协议的医疗机构进行工伤康复的费用，符合规定的，从工伤保险基金支付。第六十二条用人单位依照本条例规定应当参加工伤保险而未参加的，由社会保险行政部门责令限期参加，补缴应当缴纳的工伤保险费，并自欠缴之日起，按日加收万分之五的滞纳金；逾期仍不缴纳的，处欠缴数额1倍以上3倍以下的罚款。依照本条例规定应当参加工伤保险而未参加工伤保险的用人单位职工发生工伤的，由该用人单位按照本条例规定的工伤保险待遇项目和标准支付费用。用人单位参加工伤保险并补缴应当缴纳的工伤保险费、滞纳金后，由工伤保险基金和用人单位依照本条例的规定支付新发生的费用。《中华人民共和国劳动合同法》第八十二条用人单位自用工之日起超过一个月不满一年未与劳动者订立书面劳动合同的，应当向劳动者每月支付二倍的工资。用人单位违反本法规定不与劳动者订立无固定期限劳动合同的，自应当订立无固定期限劳动合同之日起向劳动者每月支付二倍的工资。《中华人民共和国社会保险法》第八十四条用人单位不办理社会保险登记的，由社会保险行政部门责令限期改正；逾期不改正的，对用人单位处应缴社会保险费数额一倍以上三倍以下的罚款，对其直接负责的主管人员和其他直接责任人员处五百元以上三千元以下的罚款。,劳动保险
民事劳动纠纷——我在一家私厂上班，没有欠过劳动合同，工作三个多月，现在年底了要回家了，我去问老板要工资老板说要再给他做几天，要不然不给结工资，今天我又去了，老板直接说没有了，还对我进行人身侮辱，而且他还要告我说要我赔偿他的损失，请问律师怎么办,您好，法律服务组7为您解答。按照您的描述，您应该遭遇了恶意欠薪的情况。根据我国法律的规定，如果用人单位克扣或者无故拖欠劳动者工资的，您可以向劳动行政部门责令其支付您的工资和经济补偿，并可责令其支付赔偿金，您也可以向劳动争议仲裁机关申请仲裁，如果对仲裁裁决仍不满意，则可以提起诉讼。建议您搜集您给老板打工的证据，向仲裁机关申请仲裁，如果对仲裁裁决不满意，则可以提起诉讼维护权益。相关法条：《工资支付暂行规定》第十八条各级劳动行政部门有权监察用人单位工资支付的情况。用人单位有下列侵害劳动者合法权益行为的，由劳动行政部门责令其支付劳动者工资和经济补偿，并可责令其支付赔偿金：（一）克扣或者无故拖欠劳动者工资的；（二）拒不支付劳动者延长工作时间工资的；（三）低于当地最低工资标准支付劳动者工资的。经济补偿和赔偿金的标准，按国家有关规定执行。第十九条劳动者与用人单位因工资支付发生劳动争议的，当事人可依法向劳动争议仲裁机关申请仲裁。对仲裁裁决不服的，可以向人民法院提起诉讼。,劳动保险
工资纠纷——我的一个亲戚是山东泰安市一名环卫工人，今天发现她的工资居然是每月800元，而该当地的最低工资标准是1450元。我有两个问题：一该用人单位从法律上讲，是不是已经构成违法？二，若是违法，我该选择何种方式来维权？,您好，法律服务组7为您解答。首先，根据我国法律的规定，劳动者患病或者负伤，在规定的医疗期内，用人单位不得解除劳动合同。因此，按照您的描述，在工伤期间单位要求您辞职的做法是不符合规定的。其次，按照您的描述，您是在上班期间被车撞伤的，根据我国工伤保险条例的规定，在上下班途中，受到非本人主要责任的交通事故或者城市轨道交通、客运轮渡、火车事故伤害的，应当认定为工伤。所以，建议您先根据交通事故责任认定书的责任划分来判断该交通事故是否非您的主要责任，如果是，则您可以申请工伤认定，要求单位对您进行赔偿。如果不是，则单位也不能在您的医疗期内将您辞退。建议您与单位进行协商解决，如果协商未能解决，则您可以提起劳动仲裁，对仲裁结果不满意的则可以进行诉讼维权。相关法条：《中华人民共和国劳动法》第二十九条劳动者有下列情形之一的，用人单位不得依据本法第二十六条、第二十七条的规定解除劳动合同：(一)患职业病或者因工负伤并被确认丧失或者部分丧失劳动能力的;(二)患病或者负伤，在规定的医疗期内的;(三)女职工在孕期、产期、哺乳期的;(四)法律、行政法规规定的其他情形。《工伤保险条例》第十四条职工有下列情形之一的，应当认定为工伤：（一）在工作时间和工作场所内，因工作原因受到事故伤害的；（二）工作时间前后在工作场所内，从事与工作有关的预备性或者收尾性工作受到事故伤害的；（三）在工作时间和工作场所内，因履行工作职责受到暴力等意外伤害的；（四）患职业病的；（五）因工外出期间，由于工作原因受到伤害或者发生事故下落不明的；（六）在上下班途中，受到非本人主要责任的交通事故或者城市轨道交通、客运轮渡、火车事故伤害的；（七）法律、行政法规规定应当认定为工伤的其他情形。,劳动保险
劳动合同到期公司未续签。——本人劳动合同到今年2月13日到期，现还在该公司上班，期间找部门文员，文员说让我等人事通知，等了几个月依然没有通知签合同。然后找部门主管，主管给人事打了电话，至今还没有通知，请问公司违反劳动法了没有？,您好，法律服务组7为您解答。根据您的描述，您的问题属于包工头欠钱不还的法律问题。首先，您应当明确您的问题是劳动法问题还是债权债务关系问题。如果包工头与您有劳动雇佣合同，欠工资后并没有给您欠条。这种情况下建议您找当地的劳动监察部门进行投诉或者进行劳动仲裁。如果包工头在拖欠工资后给您写有欠条，这种情况属于债务纠纷问题，建议您可以起诉解决。相关法条：《中华人民共和国劳动法》第五十条工资应当以货币形式按月支付给劳动者本人。不得克扣或者无故拖欠劳动者的工资。,劳动保险
加班可以不负担工资吗——单位加班可以不服给我工资吗，上了好几周了，说是有奖金，现在也没有,您好，法律服务组7为您解答。根据我国法律的规定，用人单位的工作人员因执行工作任务造成他人损害的，由用人单位承担侵权责任。劳务派遣期间，被派遣的工作人员因执行工作任务造成他人损害的，由接受劳务派遣的用工单位承担侵权责任；劳务派遣单位有过错的，承担相应的补充责任。按照您的描述，您虽然未与老板签订合同，但已经与老板建立雇佣劳务关系，则老板应当对您的损害承担侵权责任。相关法条：《中华人民共和国侵权责任法》第三十四条用人单位的工作人员因执行工作任务造成他人损害的，由用人单位承担侵权责任。劳务派遣期间，被派遣的工作人员因执行工作任务造成他人损害的，由接受劳务派遣的用工单位承担侵权责任；劳务派遣单位有过错的，承担相应的补充责任。第三十五条个人之间形成劳务关系，提供劳务一方因劳务造成他人损害的，由接受劳务一方承担侵权责任。提供劳务一方因劳务自己受到损害的，根据双方各自的过错承担相应的责任。《最高人民法院关于审理人身损害赔偿案件适用法律若干问题的解释》第十一条雇员在从事雇佣活动中遭受人身损害，雇主应当承担赔偿责任。雇佣关系以外的第三人造成雇员人身损害的，赔偿权利人可以请求第三人承担赔偿责任，也可以请求雇主承担赔偿责任。雇主承担赔偿责任后，可以向第三人追偿。雇员在从事雇佣活动中因安全生产事故遭受人身损害，发包人、分包人知道或者应当知道接受发包或者分包业务的雇主没有相应资质或者安全生产条件的，应当与雇主承担连带赔偿责任。属于《工伤保险条例》调整的劳动关系和工伤保险范围的，不适用本条规定。,劳动保险
强制压我劳工合同一个月——在职期间受到其上司威胁，强制加班，请假不批，最后给我旷工处理，还强制压我劳工合同一个月,您好，法律服务组7为您解答。根据我国法律的规定，到达法定退休年龄并办理了退休手续的人，同聘用单位没有劳动关系，不适用与劳动法和劳动合同法，所以，被辞退后不能按照劳动合同法的规定获得补偿。如果退休人员返聘，与用工单位是劳务关系，只能签订劳务协议（合同），被辞退后，只能按照劳务协议的约定处理。当然，也可以同单位协商处理。此外，如果聘用单位与被聘用退休人员双方签订了聘用合同，聘用合同中约定了解除时应当支付经济补偿金的情形，且用人单位辞退被聘用的退休人员时符合该支付情形，应按照聘用合同的约定予以支付。相关法条：《关于实行劳动合同制度若干问题的通知》13.已享受养老保险待遇的离退休人员被再次聘用时，用人单位应与其签订书面协议，明确聘用期内的工作内容、报酬、医疗、劳保待遇等权利和义务。《关于实行劳动合同制度若干问题的请示》二、关于离退休人员的再次聘用问题。各地应采取适当的调控措施，优先解决适龄劳动者的就业和再就业问题。对被再次聘用的已享受养老保险待遇的离退休人员，根据劳动部《关于实行劳动合同制度若干问题的通知》（劳部发[1996]354号）第13条的规定，其聘用协议可以明确工作内容、报酬、医疗、劳动保护待遇等权利、义务。离退休人员与用人单位应当按照聘用协议的约定履行义务，聘用协议约定提前解除书面协议的，应当按照双方约定办理，未约定的，应当协商解决。离退休人员聘用协议的解除不能依据《劳动法》第二十八条执行。离退休人员与用人单位发生争议，如果属于劳动争议仲裁委员会受案范围的，劳动争议仲裁委员会应予受理。,劳动保险
劳务派遣辞退——我是属于劳动派遣员工。昨天还在上班，今天早上劳务公司就把我辞退了，我该怎么办,你好，你父亲可以去找老板，要求老板出具一份关于工程款的结算单，以确认你父亲承包的工程总工程款为18万元，现尚欠工程款10万元左右。拿到结算单后，你父亲可以要求老板立即支付工程款，如老板拒绝支付，你父亲有权向老板住所地的人民法院提起诉讼，要求老板立即支付拖欠的工程款。,劳动保险
咨询——我父亲的问题1、个人简历：父亲高敏（民）生于1929年11月15日，系沈阳电缆厂离休干部，现住兴城二四六医院。1947年元月参加中国人民解放军，在十三兵团政治部任警卫工作，参加解放战争（之三大战役）辽沈、平津，南下打到海南岛，1950年参加抗美援朝，在中国人民解放军总司令部任警卫排长，1952年2月在战场上受伤回国，曾为中国人民的解放事业做出了不可磨灭的贡献。在部队立功3次并受到嘉奖（有相关的证据及档案证明）2、父亲的遭遇：回国后在陆军总医院治疗3年，伤口不愈合，腰椎结核，第五腰椎栓，做固定手术后，坐卧立行动不便，后因战伤未愈，又去普兰店荣校学习，于1956年分配到沈阳电缆厂人事处做干部管理工作，多年来由于战伤复发，伤情加重，导致多种疾病后遗症，现在仍然住院治疗。现在他老人家已经86岁高龄了，仍然每天生活在痛苦之中，腰椎压迫神经，伤口疼痛难忍，彻夜不眠疼痛不能入睡，整夜呻吟到天明。1、2012年6月15日到单位诉求个人待遇问题，犯病后6小时才到沈阳市第8人民医院抢救，由于没有得到及时的救治，造成房颤，心衰（有医院凭证）安起搏器花医疗费5.2万元，单位却只报销百分之七十，扣除一万五千余元不予报销。1伤残军人的护理费每月15元却是按照6元补助的，其它的费用都没有，工资待遇没有按国家规定的政策兑现。3没有住房，在2013年8月动迁时，当时按建筑面积30平米房一次性给10.3万元，因住院治疗已花光，现在连一间房屋都没有，常年以医院为家，每当春节时合家欢乐时，这个为中国人民的解放事业做出贡献的父亲却老泪纵横、从来都没有领导慰问关心过他！我父亲已走进90岁高龄之人，由于病魔缠身使他在精神肉体上非常痛苦。3、父亲的诉求：请中央纪委领导对此案依法进行核查，对涉案人员依法进行责任追究，对受害人依《中华人民共和国中央军事委员会令》第413号第3章第24条、第29条、第30条、第4章32条、33条、38条、第5章44条、45条、46条、51条之相关的规定，给予合理的国家赔偿，维护国家法律的尊严与公正，谢谢各位领导了！《本人可随时提供所有的档案及证据》，同时也请新闻媒体给予关注！4、联系电话：15566135378、131098539935、联系人：女儿高砚竹,你好！法律服务组4来为你解答。你好，可以与厂方协商解决，不能协商解决的，可以向当地劳动行政部门投诉，由劳动行政部门责令厂方及时足额给你发放工资；你也可以申请仲裁、提起诉讼。相关法条：《中华人民共和国劳动法》第七十七条用人单位与劳动者发生劳动争议，当事人可以依法申请调解、仲裁、提起诉讼，也可以协商解决。,劳动保险
用人档案不放档案，已经离职三年——我老公之前在外地教书，一群私立公助学校里，签了聘用合同三年。期满后回家乡教书，可是学校卡住档案不放，至今已经三年了。最近因为工作调动急需档案，去外地找了学校董事长，董事长依旧态度强硬不见人。董事长是水利开发商在当地有权有势那种。基本上打电话沟通，上门求见，软磨硬泡好话说尽了还是拒绝接见，不放档案。请问现在该如何以法律手段处理啊？(档案在教育局，但是学校不签署迁出意见，教育局调不走档案)helpme.,"从你提供的情况下,你父亲的情形不属于工伤.单位没有责任,但是,依法要承担医疗期间的待遇.医药费,应该在医疗保险内解决.",劳动保险
企业擅自转移员工资格应当怎样维权？——您好，我是国有农场种植企业职工，现年53岁，在现在的岗位上已经连续工作了34年，本企业为了上市，2011年开始公司制改造。轻装上市，已经决定今年上半年正式上市。企业现在告诉我，由于我在2012年没有和本企业签订《农田承包协议》，因此，我不在上市企业员工之列。与本公司脱钩，身份档案留在存续农场。我虽然在2012年不同意当年的土地承包协议内容，但是我事实上一直履行承包协议的义务，到目前我还在履行中、工作中，企业至今也没有解除劳动合同。九十年代企业与我签订过无固定期限劳动合同，在我2012年不同意承包协议时，在2013年与我签订过为期一年的劳动合同，该合同非法规定，企业只承担我的工伤保险、失业保险，不承担基本养老保险、医疗保险、住房公积金。直到现在，企业才告诉我，我的五险一金在2012年我的帐户就转移到存续农场帐户，早在2012年就与本企业脱钩。所谓的存续农场是指，本企业的母公司属下的子企业。企业这种未经我本人知悉，擅自转移员工劳动关系，取消本企业员工资格，合理吗？我应当怎样维权？和我一样情况的还有多位员工，我们都不希望怎样被转移掉，与本企业脱钩，我们希望要么正式办理解雇手续，要么继续留在本企业。我们该怎么处理这件事？【重要说明：这可能与我长期以来一直以农场职工身份长期承包土地有关，我一直以职工身份承包国有农场100多亩农田，企业改造上市，职工土地要参股入股，2012年土地承包协议有土地要实行集体种植一项，，我才不同意，现在我的承包地已经被企业强行上报为集体种植形式，而非职工个人承包形式，并且强迫我承认这一形式的改变，我也仍然被动地被执行这种承包形式。事实上与其他职工无二。】,你好！法律服务组4来为你解答。你好，户主应当按照约定及时将装修款支付给你们，否则，其行为应当是构成了违约，你们可以向人民法院提起诉讼，要求户主承担违约责任，将装修款及时支付给你们，并赔偿由此给你们造成的损失。相关法条：《中华人民共和国合同法》第一百零七条当事人一方不履行合同义务或者履行合同义务不符合约定的，应当承担继续履行、采取补救措施或者赔偿损失等违约责任。,劳动保险
公司处罚职工的标准有没有规定——我在公司开车，因超速行驶违反公司的ＧＰＳ管理规定，公司现在要罚我2000元，请问国家有没有规定公司处罚职工有个标准,你好！法律服务组4来为你解答。你好，老板拖欠你们工资的，你们可以向当地劳动行政部门投诉，由劳动行政部门责令你们老板及时足额给你们发放工资；你们也可以申请劳动仲裁，对仲裁裁决不服的，可以向人民法院提起诉讼。相关法条：《中华人民共和国劳动法》第七十七条用人单位与劳动者发生劳动争议，当事人可以依法申请调解、仲裁、提起诉讼，也可以协商解决。,劳动保险
工伤赔偿问题——我老公在上班的时候脚的大趾头被模具压碎了一节，在医院做手术去掉了一节，请问如果去做伤残鉴定大概能评几级伤残，这种情况老板要赔偿的吗？大概要赔偿多少？还有就是误工费是多少一天,你好！法律服务组4来为你解答。你好，《最高人民法院关于审理劳动争议案件适用法律若干问题的解释(四)》第十一条说的是，劳动合同变更未采用书面形式，但实际上履行的是变更后的劳动合同且超过一个月的，认定变更后的劳动合同有效。用人单位克扣劳动者工资超达一个月，单凭这一点，无法判断你们是否有变更劳动合同的情形，希望你能将问题阐述得清楚、具体些。用人单位克扣劳动者工资的，可以通过协商、仲裁、诉讼等方式解决。相关法条：《最高人民法院关于审理劳动争议案件适用法律若干问题的解释(四)》第十一条变更劳动合同未采用书面形式，但已经实际履行了口头变更的劳动合同超过一个月，且变更后的劳动合同内容不违反法律、行政法规、国家政策以及公序良俗，当事人以未采用书面形式为由主张劳动合同变更无效的，人民法院不予支持。,劳动保险
加班回家途中，骑电动车摔骨折，单位不管。——请问律师，由于加班晚，路上有不可见的雾冰，导致我骑车摔骨折，单位不给认定工伤，还在我养伤期间停发了工资。我该怎么办？而且单位并没有给我签劳动合同。,你好！法律服务组4来为你解答。你好，根据我国相关法律的规定，职工因确认劳动关系而申请仲裁、提起民事诉讼所花费的时间，不计算在申请工伤认定的一年期限内，所以，从事故发生至今，如果除去仲裁和诉讼的时间，剩下的时间若没有超过一年的，职工家属或工会组织仍然可以向社会保险行政部门申请工伤认定，社会保险行政部门以超过一年的申请期限为由不予认定的，职工家属可以向人民法院提起诉讼。相关法条：《最高人民法院关于审理工伤保险行政案件若干问题的规定》第七条由于不属于职工或者其近亲属自身原因超过工伤认定申请期限的，被耽误的时间不计算在工伤认定申请期限内。有下列情形之一耽误申请时间的，应当认定为不属于职工或者其近亲属自身原因：（五）当事人对是否存在劳动关系申请仲裁、提起民事诉讼。《工伤保险条例》第五十五条有下列情形之一的，有关单位或者个人可以依法申请行政复议，也可以依法向人民法院提起行政诉讼：（一）申请工伤认定的职工或者其近亲属、该职工所在单位对工伤认定申请不予受理的决定不服的；（二）申请工伤认定的职工或者其近亲属、该职工所在单位对工伤认定结论不服的；（三）用人单位对经办机构确定的单位缴费费率不服的；（四）签订服务协议的医疗机构、辅助器具配置机构认为经办机构未履行有关协议或者规定的；（五）工伤职工或者其近亲属对经办机构核定的工伤保险待遇有异议的。,劳动保险
我该不该退钱——校园联通找我（学生）推销网卡，当时网卡合约是上网三个月，只用了一个月就不能上了（学校把宽带端口关了，学校规定不让大一上网），由于学校的压力联通店只有退钱给办了卡的学生。现在校园联通店打电话给我，要我退办卡提成给联通店里，这个合理吗？邮箱292425087@qq.com,没有合同，形成事实上的劳动关系或者劳务关系，也可以依法主张赔偿。把能找到的相关证据都找到，老板有营业执照就打劳动争议仲裁，没有营业执照纯给个人干，就直接上法官起诉。,劳动保险
公司扣压个人证件怎么办——本人于2011年9月与现在的公司签订了一份1年期限的劳动合同，2012年续签一年，现在合同到期过了一个月了公司因为其他原因未跟我续签合同也未通知我不续签口头通知我让我等等。现在我想离职有两个问题：1、我能要求公司赔偿我吗？怎么个赔偿法？2、2012年5月我与公司签订了一份2年期限的建造师挂证的合同，2014年5月合同到期，现在我离职能否把我的建造师证拿回来，因为我离职了我的证书和印章都失效了。另外我在公司期间还考了一些其他的证件都被公司扣压着我能否一起要回？建造师有下列情形之一的，其注册证书和执业印章失效：（一）建造师聘用单位破产的；（二）建造师聘用单位被吊销营业执照的；（三）建造师聘用单位被吊销或者撤回资质证书的；（四）建造师已与聘用单位解除聘用合同关系的；（五）建造师注册有效期满且未延续注册的；（六）建造师年龄超过65周岁的；（七）建造师死亡或不具有完全民事行为能力的；（八）建造师其他导致注册失效的情形。我该通过哪些法律途径维护我的自身利益呢？,你可以向法院提起诉讼，要求公司支付你的工资欠款即可。,劳动保险
别我欠我的钱如何要回来——别人给我打了张欠条是一万块钱，写好还款时间，可现在过了还款时间9个月了，还没见他还钱，打电话也不接，我有他的身份证号，但他住的地方有好几处找不到人,您好，法律服务组7为您解答。按照您的描述，单位没有替您缴纳保险的做法是不符合法律规定的，根据我国法律的规定，用人单位逾期仍未缴纳或者补足社会保险费的，社会保险费征收机构可以向银行和其他金融机构查询其存款账户；并可以申请县级以上有关行政部门作出划拨社会保险费的决定，书面通知其开户银行或者其他金融机构划拨社会保险费。用人单位账户余额少于应当缴纳的社会保险费的，社会保险费征收机构可以要求该用人单位提供担保，签订延期缴费协议。相关法条：《中华人民共和国社会保险法》第六十三条用人单位未按时足额缴纳社会保险费的，由社会保险费征收机构责令其限期缴纳或者补足。用人单位逾期仍未缴纳或者补足社会保险费的，社会保险费征收机构可以向银行和其他金融机构查询其存款账户；并可以申请县级以上有关行政部门作出划拨社会保险费的决定，书面通知其开户银行或者其他金融机构划拨社会保险费。用人单位账户余额少于应当缴纳的社会保险费的，社会保险费征收机构可以要求该用人单位提供担保，签订延期缴费协议。用人单位未足额缴纳社会保险费且未提供担保的，社会保险费征收机构可以申请人民法院扣押、查封、拍卖其价值相当于应当缴纳社会保险费的财产，以拍卖所得抵缴社会保险费。第八十四条用人单位不办理社会保险登记的，由社会保险行政部门责令限期改正；逾期不改正的，对用人单位处应缴社会保险费数额一倍以上三倍以下的罚款，对其直接负责的主管人员和其他直接责任人员处五百元以上三千元以下的罚款。,劳动保险
腾讯微博-老板拖欠工资如何维权——你好.个体老板拖欠工资不给.耍赖.就是没钱.因为是小店没有工资卡也没有合同.但是我有电话录音证据..和他交谈几次都是对我恐吓.就是没钱.我该如何维权...,你好！你们可以启用农民工工资保证金来支付。有下列四种情形之一时，经劳动保障部门查证属实后可以支取保证金：建设企业未依法及时结算农民工工资，拖欠农民工工资的;建设单位或建设企业非法转包、分包建设工程，导致用工主体不具有法人资格而发生拖欠农民工工资行为的;建设单位或建设企业法人代表或工程负责人隐匿逃跑或死亡，造成拖欠农民工工资的;其他被认为拖欠农民工工资的。,劳动保险
学生周末兼职——我和同学是在网校做兼职话务员，签了三个月合同。合同上说每月工作8—10天，现在我们都做了十天以上了，他却说我们工作不足一个月应该按40元一天发，考虑到我们是学生给我们750就算了。可是当时合同上写的是750打底加满勤加奖金，现在还据发我们奖金，说那是按年算的，满一年以上才给发。而且说当时签的不是合同，而是工作要求不能算的，还说这个是不能给我们一份的。现在我们也不能证明我们在那里工作过，劳动仲裁说我们是学生兼职他们不管的，现在该怎么办，希望好心律师帮忙解答一下！,你按照法律规定的程序提出辞职，用人单位不依法为你办理档案转移、工资支付等的，你可以向当地的劳动监察大队举报。也可以通过劳动仲裁解决。,劳动保险
违约金——公司让我签一份合同，也没给我看，还不给我，我那份合同，然后我提出辞职，他却让我陪5000元违约金，我该怎么办？,上述事故应该认定为工伤，法律途径是受害人先申请工伤认定，再根据工商登记索赔,劳动保险
报工伤问题——在工伤定点医院，能否直接报工伤,单位不承认是工伤，你朋友自己可以向劳动部门申请工伤认定。,劳动保险
关于劳动补偿——我单位属于分公司在8月份跟我解除劳动合同但是没有给我任何补偿11月份解体后来我们仲裁书节束后给我们包赔了经济补偿金，但是现在单位已经不存在了我们单位是属于全国联锁的在别的地方现在还有分公司，我们现在应该怎么办啊？,您好，根据我国《社会保险法》《劳动合同法》的规定，用人单位应该为劳动者缴纳社会保险。同时，除非公司提供相关证据，否则无权扣除员工工资。,劳动保险
不给加班费双薪也不发全怎么办——我们现在一天工作10个半小时，一周49个小时，双薪也没按照国家3薪给，以前从规定有双薪就没给，今年才争取来的。也没按照全新给，超过国家规定9个小时一周，怎么办,可申请劳动仲裁。,劳动保险
劳动纠纷——你好；我是在本地给外省公司打工者，公司没有给我们写合同，我在干活时受伤，经公司协商员和派出所的协商下给付了治疗费，当时写下协议书，协议书上只有签名和手影，有因伤残和后期治疗费用起诉，当时不知道公司的名字，只起诉个人，传票已给了协商人员的亲术，也是工作人员，数日公司迁走，导致无法开庭，现在法院说，我告个人最后怕是拿不到陪赏。没有结果。现在我应该怎么b,可以以单位未交医疗保险主张报销你的医疗费，具体能报销多少，各地有不同的规定。,劳动保险
按劳动法规定我能得到什么补尝——我于1998年9月在长沙一家医院内部办的酒店上班，酒店于2000年11月给我买了养老保险，记不清哪年我签过一份合同，但也只是为了应付劳动部门检查的，2004年因为生小孩我在家休了3年于2007年5月又重新回酒店上班到现在，其中没上班时3年的保险我自己都补交了，一直工作到现在，可酒店因为要改做医院马上要关闭，各部门也没提前通知我们，就几天的时间我不知道怎么办，请问相关专业人士我这种情况能得到多少补尝！,应该根据工伤保险条例的规定向老板索赔，如果老板交了工伤保险的，应该由工伤保险基金中支付，索赔金额包括丧葬补助金、供养亲属抚恤金和一次性工亡补助金。,劳动保险
扣教师工资——黑龙江省九三局文件硬性规定，每个月从教师个人工资扣除200元，政府补贴100元，一年共扣除2000元做为年终奖金。一等得6000元，二等多得4000元，三等得2000元(个人工资)拿回来，四等连扣除的2000元(个人工资)一分都拿不回来了，用个人工资2000元给一等二等做奖金了，一等和二等的教师也没干两份三份工作，政府用教师个人做奖金，而且强迫教师签字。美其名曰调动教师工作的积极性，这样做违法吗,劳动争议需先经过劳动仲裁，你们可以去申请仲裁。如您说的，当地不让你们申请，你们可以再收到仲裁委的不予受理书之后提起诉讼。如果法院也不予受理，那么你们可以直接上访于上级人民政府。,劳动保险
社保——我于2007年11月1日进入一家名为讯华电讯手机公司，在武汉青山区建二分店当一名销售人员，一直工作至今，兢兢业业。公司总部设在青山红钢城，在刚进入公司的时候，公司没有跟我签合同，也没交社保，当时底薪是240元，。凡是到节假日的时候，我和同事都不能休息，那时是节假日补加倍工资，所谓加倍也只是每天多发240÷30*2=16元，没有补休，直到09年年底，我们要求公司交社保，公司才拖拖拉拉说要交，在10年7月份的时候，我给公司老总写工作总结(有电子邮件为证)，老板才说公司于10年8月份交社保，到了7月中旬的时候，公司的一个经理拿了一份合同来签，说是买社保必须要签，我和同事之前都没有签过合同，不知道那些空白怎么签，经理当时就拿了一个写好的合同叫我们照样写。到现在我们才知道公司跟我们签的合同是有欺骗蒙骗行为的，我是看到招聘，应聘来到这家公司上班的，可现在公司却说我们签的合同是帮公司代买深圳社保的人力资源公司派遣的，可是我们和人力资源公司之间并无关联。我觉得公司好像算计了我，签合同那会公司也没明说是人力资源公司派遣的，现在却这样。到现在我们还没有和公司签订真正意义上的劳务关系。合同两份一直都在公司，前几天我才找公司要回了一份。签合同的时候甲方是空白的，现在甲方的位置填的是那家人力资源公司，10年8月份是开始交社保了，但是是深圳的社保，是公司委托这家人力资源公司交的。刚开始是从我工资里扣102元，后来说是社保涨了，就每个月扣120元，公司承担多少我们也不知道，以前还没有社保卡，前段时间才发卡，卡里也没有钱，我在网上查询的时候只能登录深圳社保，所能查询的也只有个人部分，也没有明细，但在07年我刚进公司的时候，经理和有些员工到现在交的都是武汉的社保。我有工资单为凭证。为什么我们同在一家公司却享受不平等福利？同工却不同福利待遇。这几年，在其他分店也有为社保跟公司闹翻的同事，只不过公司为了本身利益，没有传开，可就在上个月，我们红钢城的同事为了这个社保的事又跟公司闹翻了，要求公司补偿以前没交的部分，公司起初不答应，因为他们是武汉的，带着亲人去谈，最后个个都是赔了钱离开公司的。而当我跟公司协商的时候，他们却说，我的时间太长了，不予赔偿，就因为我来公司的时间最长，如果要赔偿会赔偿很多，就因为我是外来务工人员，对于我提出的要求置之不理，就因为我对法律知识欠缺，他们就可以这样欺负我吗？我感到非常寒心，我现在是这家公司所有营业员里时间最长的一个。快有4年半了。之前那些要求赔偿的员工，都比我来得晚，个个都可以拿赔偿金，为什么我来得早现在我还在为公司效力的人却要被他们如此打发？虽然现在他们把底薪240说成是津贴，可员工们都知道我们拿的工资就是240的底薪加提成。如果工资没达到武汉市最低工资900，也按900发，一个月两天假，假日也只是补休，也没有加班工资。我对于公司的不平等待遇非常不满意，我想咨询律师们，我这种情况还能不能追究之前未交部分？,您好！利用他人身份入职，在民法上构成以欺诈、胁迫手段订立合同，属于可变更、可撤销的劳动合同，你方可以请求法院或仲裁机构变更或撤销。,劳动保险
我这种情况钱还能要回来吗——我是一个小包工头，前几年在淄博铁路电务段揽了个活，给铁路挖电缆沟，当时有好几个包工队在哪里施工，当活干完验收时电缆没有通电，在电缆上发现被人砸伤了五个钉子，跌路单位就把这次工程的帐给封了，已经有五年了到现在一直都没有给钱，去要过好几次都说没有处理完，但钉子不是我们砸上去的!我这种情况钱还能要回来吗？,如果其违反了公序良俗的话，你们家就可以去依法维权了。,劳动保险
"手机报-我太太如何保护她的权益——手机报用户尾号0706—我太太在一中外合资企业上班有十年了.企业一直都有购买社保,但一直没有社保卡,问原因说是要到三十岁以后才给发社保卡,请问企业违反那条规定,我太太应如果保障自己的利益.2012-01-1302:02:15广东惠州",你好！虽然没有签订书面劳动合同，但是形成了事实劳动关系，可以向用人单位所在地申请工伤认定，然后劳动能力等级鉴定，根据鉴定结果享受工伤待遇。如果是雇佣关系，雇主承担赔偿责任。,劳动保险
没有劳动合同瘦了意外伤害老板不给索赔——您好，我今年内蒙乌海市煤矿学习挖掘机然后因为挖掘机的油管爆裂导致我直肠破裂住院46天出院后要求老板索赔老板不给赔偿，打官司律师说当时没报案老板不给做工伤鉴定也不知道注册公司没。我现在想问一下这样的官司怎样打能打赢吗？,根据社会保险法及工伤保险条例的规定，属于工伤。首先要进行工伤，然后再向社会保险部门和单位申请工伤待遇。,劳动保险
养老保障金多交2万多元为什么——我妈妈原是呼伦贝尔巴林镇白灰矿的职工，由于档案丢失补交养老金5万多元，比同龄；同样的职工多交了2万多元不知道是什么原因。向您咨询，谢谢,提前一个月通知公司解除合同，然后办理交接，一个月后公司应当批准你离职。,劳动保险
工作16年扣养老金但没交该怎办——我在某单位工作16年扣养老金但没交该怎办,首先确定公司规章制度对此有无规定若无规定不用承担,劳动保险
老板多次找借口拖欠工资怎么要回来——我在一杭州公司在江山承包的工程施工10个月，因为工程需要我从湖南老家叫了20个工人及工程车1辆总共产生工资51万多，老板一共只付了30.5万元，剩下20.5万元老板找借口不支付了，现在打电话也不接了。其他做事的工人在向我讨要工资了，我该怎么要回这些人的工资？,天津冠达律师事务所律师解答：可以参考以下法律规定根据1951年2月26日政务院公布《中华人民共和国劳动保险条例》第十四条工人与职员及其供养的直系亲属死亡时待遇的规定：乙、工人与职员因病或非因工负伤死亡时，由劳动保险基金项下付给丧葬补助费，其数额为该企业全部工人与职员平均工资两个月；另由劳动保险基金项下，按其供养直系亲属人数，付给供养直系亲属救济费，其数额为死者本人工资六个月到十二个月。根据劳动部于1953年1月26日颁布《中华人民共和国劳动保险条例实施细则(修正草案)》第二十三条工人职员因病或非因工负伤死亡时、退职养老后死亡时或非因工残废完全丧失劳动力退职后死亡时，根据劳动保险条例第十四条乙款的规定，除由劳动保险基金项下付给本企业的平均工资2个月作为丧葬补助费外，并按下列规定由劳动保险基金项下一次付给供养直系亲属救济费：其供养直系亲属1人者，为死者本人工资6个月；2人者，为死者本人工资9个月；3人或3人以上者，为死者本人工资12个月。,劳动保险
血汗钱要不到谁给做主——09年在河北修桥的工钱到现在还没给怎么办？,您好！法制网-法律问答服务团队为您解答如下：一、具体解析根据你的描述，既然你已经申请了法院强制执行，我认为强制执行是能使你的权利得到维护的最有利途径。你可以等强制执行的结果，如果法院在收到你的强制执行申请六个月内未执行的，你可以向所申请法院的上一级法院继续提出申请执行。根据法律规定，上一级法院会根据你的申请责令原申请法院实施强制执行，也可以决定由本院或是其他地域的法院进行执行。二、相关法条第二百零三条人民法院自收到申请执行书之日起超过六个月未执行的，申请执行人可以向上一级人民法院申请执行。上一级人民法院经审查，可以责令原人民法院在一定期限内执行，也可以决定由本院执行或者指令其他人民法院执行。第二百零六条被执行人或者被执行的财产在外地的，可以委托当地人民法院代为执行。受委托人民法院收到委托函件后，必须在十五日内开始执行，不得拒绝。执行完毕后，应当将执行结果及时函复委托人民法院;在三十日内如果还未执行完毕，也应当将执行情况函告委托人民法院。受委托人民法院自收到委托函件之日起十五日内不执行的，委托人民法院可以请求受委托人民法院的上级人民法院指令受委托人民法院执行。,劳动保险
我是否该要工资和路费——我前段时间应聘到一家护肤品公司做销售，当天下午去应聘，晚上打电话叫我第二天去苏州参加培训，培训了四天又在柜台上实习了两天，后来我没有被正式录用，请问我可以要求报销四天的路费、生活费和这几天的工资吗？,这种情况是可以申请延期的，但时间不应超过30天。如果厂子快要关的话，建议你们去申请财产保全吧。罗少华律师电话13371788792,劳动保险
这样的草率回复符合新劳动法吗——我多次给中央和陕西领导去信说明我的小事结果下面官官相互，瞒哄上级，怎么能谈得上对人民高度负责。我现在发给您来看看吧，《省卫生厅回复：省卫生厅立即责成西安市卫生局调查处理。经查，临潼区整个卫生系统均实行每日工作8小时，每周单休制度。为减轻护工的工作强度，从2011年元月起，临潼区妇幼保健院各病区护工已由一名增加为两名。目前邓小卫同志月工资为850元，日工作时间不超过8小时，每月休假4天，年终福利待遇同正式职工，约5000元左右，符合该院与其签订的劳动合同。此工作待遇在临潼区同等医疗机构内同职业人群中处于较高水平。》我认为这个回复不符合实际，我提出以下问题，您看是不是和实际相差甚远。如我说的不符愿承担责任，我也气愤这些人就这样唱高调为民办事实，不弯下身子得不到真理。1.在临潼区其他医院护工不管被服的发放和回收而我无偿的管二十六年。2.在临潼其他医院护工不干应是护士七三班干的铺床而强制压给我干。懂护士管理条例的人都知道应由谁来干3.所谓的年终福利待遇同正式职工，正式职工享受法定节假日，我没有。正式职工有奖金而我没有。正式职工夏季有降温费，冬季有烤火费而我没有。正式职工有节资费，保健费而我没有。怎么说和正式职工同等4.所谓时间不超过8小时也不对，在20011年7月以前6:30上班。为了瞒哄上级让我7点上班，八点必须干完。因为我无偿管理被服发放和回收，出院的病人到12点吊针打不完，被服收不回来，新入院的病人住不进来，眼看快一点收回脏被服，还要把脏的换下来套上净得再发给新入院的病人。所有这些工序在2011年以前都是由我一人来完成。院方说病人把被服和水壶偷走由我来负责赔偿，我不延长时间能行不？下午要忙到六点半多。儿科病人周转率高，出一个要抹洗一个。院领导谁管你几点才能下班，无人过问。5.从2011年虽说由一名增加为两名，可加了夜班，加的人要换两层人的休假。两个人同时在一层楼上班能有几天。护工的工作强度难道真的减轻了吗？管理被服的和不管被服的同样是850元。新来的和我干了几十年的同样是850元，就这850元才一两年嘛。6，正式职工享受《新劳动法》养老保险及三金，而我没有。《新劳动法》是否只管正式职工，我也是劳动者。我对临潼妇幼院的贡献不比正式职工少，这是有良心的人有目共睹的，从去年私下作弊不让我当先进。就怕医院给我人养老保险，工资订到350，问我嫌少就给医院打招呼离开。7.医院和我签订的劳动合同可以说是个劳动纪律条款，没有涉及到乙方的合法权利。是否和《新劳动法》相符合。懂合同法的人不会写出这样的合同，一个有正义和良知的人做不出这些事！,你是有权去享受医疗保险的。罗少华律师电话：13371788792,劳动保险
没签合同的试用期——劳动合同的试用期，试用期不满意走人，怎么算工资？没签合同，也没事证据。就刚去那天天了入职申请表。但是那个也在老板那里。我们手里啥都没有。打了出勤卡的。,不支付工资的，可以向当地的劳动部门举报。,劳动保险
腾讯微博-单位因是农业户口而不给我上保险——我是农业户口，现在北京上班，单位以户口不给上医保合理吗,《工伤保险条例》规定，“在上下班途中，受到非本人主要责任的交通事故或者城市轨道交通、客运轮渡、火车事故伤害的”属于工伤。,劳动保险
应不应该支付补偿金——弟弟在一家知名公司工作一年，但是没签劳动合同，休假的时候出了车祸，小腿骨折，出院后公司拒绝让他继续工作，请问这样该公司是否应该支付补偿金？,您好！法制网-法律问答服务团队为您解答如下：一、具体解析：根据《工伤保险条例》规定，请工伤认定的职工或者其近亲属、该职工所在单位对工伤认定申请不予受理的决定不服的，申请工伤认定的职工或者其近亲属、该职工所在单位对工伤认定结论不服的，有关单位或者个人可以依法申请行政复议，也可以依法向人民法院提起行政诉讼。你所说情况对于劳动保障部门的决定不服，也是可以通过前述规定所说的行政复议以及行政诉讼的途径来解决的。二、法条依据：第五十五条有下列情形之一的，有关单位或者个人可以依法申请行政复议，也可以依法向人民法院提起行政诉讼：（一）申请工伤认定的职工或者其近亲属、该职工所在单位对工伤认定申请不予受理的决定不服的；（二）申请工伤认定的职工或者其近亲属、该职工所在单位对工伤认定结论不服的；（三）用人单位对经办机构确定的单位缴费费率不服的；（四）签订服务协议的医疗机构、辅助器具配置机构认为经办机构未履行有关协议或者规定的；（五）工伤职工或者其近亲属对经办机构核定的工伤保险待遇有异议的。,劳动保险
讨个说法，请求帮助。——我在一家两个公司一个法人代表工厂工作七年多，后公司成立时间不长，公司在我毫不知情的情况下让我下岗，并且没有任何补偿，我通过劳动仲裁进行双方辩论，他说他前公司名称己注销，我也不清楚，他不认我以前任何补助，请问这种说法对不对。我的号是1712451592。,您好！法制网-法律问答服务团队为您解答如下：一、具体解析：你所说情况属于工伤的话，要按照工伤保险条例的规定来确定具体的赔偿和待遇。但是具体的待遇因当事人工伤情况而有差别，工伤待遇、获得的赔偿数额和伤残等级有关系，所以先要确定伤残具体等级，之后才能根据伤残情况确定赔偿数额。伤残等级是需要通过鉴定机构鉴定确定的，没有办法从上面表述就直接对其定级，你所说情况应当先申请进行鉴定，之后确定赔偿。关于工伤待遇的具体标准可参看《工伤保险条例》第五章工伤保险待遇中的内容，规定得非常详细和具体。二、法条依据：《工伤保险条例》第二十一条职工发生工伤，经治疗伤情相对稳定后存在残疾、影响劳动能力的，应当进行劳动能力鉴定。第三十条职工因工作遭受事故伤害或者患职业病进行治疗，享受工伤医疗待遇。,劳动保险
新浪微博提问-超市实习要赔钱吗——对说:学校实习不给学生工资，学生却要为工作负出很多责任……我们学校为学生实习开了一家超市，由店长带领学生打理，今天发现二月有四瓶沐浴露已经过期，而负责卫生的四名学生在实现中却没有发现，店长要求学生们赔钱…我想知道，这样是不是合理#学生在实习中学校不给工资的#,你好！根据国家规定，养老保险金一旦上缴，是不可退还的。你的单位也不可能退还你个人交的7个月，单位集体缴纳部分更不会退还了。由于各地制定的具体细则不一致，不知你是哪里的？现提供一份湖南省的案例供你参考，望对你有所帮助：记者：李先生，接到您的来电后，我们向嘉禾县劳动保障局有关工作人员进行了咨询，现回答如下：李先生，按照《湖南省建立统一企业职工基本养老保险制度的实施意见》有关规定，企业基本养老保险属于强制性的社会保险。用人单位及其从业人员必须按照本办法规定参加基本养老保险，缴纳基本养老保险费。从业人员个人享受基本养老保险待遇的权利受法律保护。同时，企业职工达到法定退休年龄，符合国家规定的退休条件且履行了缴费（指单位和个人同时足额缴费）义务，应予办理退休手续。对缴费年限累计满10年不满15年而已达到法定退休年龄的职工，或缴费年限累计满10年而因病或非因工负伤经县以上劳动鉴定委员会鉴定完全丧失劳动能力的职工，也可按月发给基本养老金。其基本养老金由基础养老金、个人账户养老金和过渡性养老金三部分组成。根据你说的情况，你父亲应该享受作为该厂职工的相关政策，可以享受破产企业对员工补发的工龄补助。但是，所缴纳的养老保险金不予退还。李先生，如还有不懂之处，你可以向有关部门作进一步咨询。基本养老保险亦称国家基本养老保险，它是按国家统一政策规定强制实施的为保障广大离退休人员基本生活需要的一种养老保险制度。在我国，1990年代之前，企业职工实行的是单一的养老保险制度。,劳动保险
企业改制导致的纠纷——企业实施股份制改制，新成立企业没有与当事人依法重新签订劳动合同，现再审案件在最高人民法院一年多的时间询问多次无结果，请问该怎么？？？,你好，根据我国相关法律法规规定，发生工伤后，单位应该申报工伤，担保不申报的，劳动者可以自己申报；与单位协商不成，可以申请劳动仲裁解决。,劳动保险
如何写不服劳动仲裁的起诉书——如何写不服劳动仲裁的起诉书？,虽然仲裁委员会已经裁决，但由于公司上诉，所以裁决未生效，等法院判决下来，如果你对判决不服，你仍然可以上诉。你的权利得到了维护，等拿到生效判决后，申请法院强制执行即可。,劳动保险
工伤的诊断书和不一样怎么办——我在工作的时候把腰扭到了，送到医院的时候大夫说是腰扭伤，但同时查出我有腰间盘突出，我以前从没腰疼过，现在医院也不能肯定我的腰间盘突出是不是由于这次扭伤导致的，我手里有出事当天的腰扭伤诊断书，但单位有一份我腰间盘突出的诊断书，我现在符合报工伤的条件，但单位要是拿出我腰间盘突出的诊断书我就报不了工伤了，我想问一下这样的话我怎样才能报上工伤。我的邮箱：583696032@qq.com谢谢,没签劳动合同，自08年之后应当支付你双倍工资，另外拖欠工资还应当支付赔偿金。如果你已经办理退休，则这种情况下，你们之间不能再形成劳动合同关系，只能是雇佣，你可以提起民事诉讼要求支付工资。如果你的退休单位还给你缴纳各种保险的话，你现在的公司不会给你各种福利。,劳动保险
工龄认定问题——妈妈与1994年至2002年在环卫处做临时工，之后离开环卫处到市卫生防疫站做临时工。2006年与市卫生防疫站分离出的卫生监督所签订了劳动合同。同时向是社保局提供了在环卫处和卫生防疫站两个单位的工资表来认定临时工工龄，并以此为依据补缴了1994年至2006年的养老保险费。2011年妈妈去办理退休时，市劳动局却说妈妈在环卫处工作期间没有办理招工手续，也没有签订劳动合同，所以不能认定这段时间的工龄。请问各位老师这样合理吗，虽然妈妈当年没有办理招工手续，但是在那工作的工资条可以证明妈妈的劳动关系啊。有劳动关系不就可以计算工龄吗，请老师赐教有没有具体的文件说明具备劳动关系即可认定工龄。,你好！外企可以没有的工会的说法不合法。依据：《外资企业法》第十三条外资企业的职工依法建立工会组织，开展工会活动，维护职工的合法权益。外资企业应当为本企业工会提供必要的活动条件。《外资企业法实施细则》第六十六条外资企业的职工有权依照《中华人民共和国工会法》的规定，建立基层工会组织，开展工会活动。,劳动保险
再问聂律师-请病假后的待遇问题——公司签订了《劳动合同》，且公司设有工会，但是那工会形同虚设，如果我要维权，找当地的劳动部门好还是找法院走法律程序，之前的提问和回答：关于请病假后的待遇问题悬赏:30-提问时间:4天前-解答数:1-浏览量:108我是山东临沂沂水县的一名工人，在一家私营公司上班七年了，今年八月份查出腰椎间盘突出后请假治疗，期间我的工资养老保险，医疗保险都没给，这不到年底了公司发的年终福利也没给我，当时请假的时候，家人劝我办理工伤手续，因为我的腰椎间盘突出与我的工作有直接的关系，但考虑到公司一向不接受员工的工伤请求所以也就没办理，现在公司所做的事情太让我伤心了，心里不明白公司这么做到底对不对，如果不对，我该怎么维权？谢谢！解答人：聂成涛回答时间：2011-01-2518:14:09你可以申请工伤，然后要求单位给予工伤赔偿。另外，单位未给上保险也是违法的，你可以向当地的劳动局举报，要求单位补交。你请病假，理应发你病假工资。,您好！法制网-法律问答服务团队为您解答如下：一、具体解析：关于解除劳动合同，根据劳动合同法规定：劳动者提前三十日以书面形式通知用人单位，可以解除劳动合同。劳动者在试用期内提前三日通知用人单位，可以解除劳动合同。如果你父亲还在试用期的话，提前三日通知即可解除合同，已经是正式工作期的话，提前三十日以书面形式通知用人单位，可以解除劳动合同。用人单位本身没有权利克扣工资。就此劳动争议的话，你们可以按照法律规定途径来解决：可以与用人单位协商，也可以请工会或者第三方共同与用人单位协商，达成和解协议。不愿协商、协商不成或者达成和解协议后不履行的，可以向调解组织申请调解；不愿调解、调解不成或者达成调解协议后不履行的，可以向劳动争议仲裁委员会申请仲裁；对仲裁裁决不服的，除《劳动争议调解仲裁法》另有规定的外，可以向人民法院提起诉讼。二、法条依据：劳动合同法第三十七条劳动者提前三十日以书面形式通知用人单位，可以解除劳动合同。劳动者在试用期内提前三日通知用人单位，可以解除劳动合同。《劳动争议调解仲裁法》第二条中华人民共和国境内的用人单位与劳动者发生的下列劳动争议，适用本法（一）因确认劳动关系发生的争议；（二）因订立、履行、变更、解除和终止劳动合同发生的争议；（三）因除名、辞退和辞职、离职发生的争议；（四）因工作时间、休息休假、社会保险、福利、培训以及劳动保护发生的争议；（五）因劳动报酬、工伤医疗费、经济补偿或者赔偿金等发生的争议；（六）法律、法规规定的其他劳动争议。第四条发生劳动争议，劳动者可以与用人单位协商，也可以请工会或者第三方共同与用人单位协商，达成和解协议。第五条发生劳动争议，当事人不愿协商、协商不成或者达成和解协议后不履行的，可以向调解组织申请调解；不愿调解、调解不成或者达成调解协议后不履行的，可以向劳动争议仲裁委员会申请仲裁；对仲裁裁决不服的，除本法另有规定的外，可以向人民法院提起诉讼。,劳动保险
"手机报-工人在操作中死亡赔偿金怎么计算?——手机报用户尾号1088--现在建筑工人在操作中自己不小心产生死亡,赔偿金应该怎么计算!最高可以赔偿多少钱!2011-01-1817:18:50湖北武汉",老板在你怀孕期间辞退你是违法的，不应当辞退。你可以向劳动局进行举报。,劳动保险
